Date,Active Energy (kJ),Flights Climbed (count),Headphone Audio Exposure (dBASPL),Resting Energy (kJ),Sleep Analysis [In Bed] (hr),Step Count (steps),Walking + Running Distance (km),Walking Asymmetry Percentage (%),Walking Double Support Percentage (%),Walking Heart Rate Average (bpm),Walking Speed (km/hr),Walking Step Length (cm)
1/13/2024 0:00,92.04,3,0,8260,7.234111523,755,0.556,0,28.37,0,4.17,63.75
1/14/2024 0:00,711.66,3,0,8515,5.588867089,4028,3.26,3.5,27.94,0,4.59,71.56
1/15/2024 0:00,945.62,2,0,8546,0,5301,4.34,4.2,28.37,0,4.38,70.6
1/16/2024 0:00,174.56,2,0,8432,7.683835745,1040,0.801,0,25.5,0,5.15,79
1/17/2024 0:00,975.19,5,0,8535,6.670717718,5433,4.33,1.78,27.68,0,4.74,73.19
1/18/2024 0:00,644.07,3,0,8490,6.842949105,3601,2.89,2.2,27.66,0,4.71,72.91
1/19/2024 0:00,832.92,1,0,8517,5.862693274,5087,4.03,1.17,28.29,0,4.47,66.17
1/20/2024 0:00,153.14,1,0,8428,4.680464056,1069,0.775,0,0,0,0,0
1/21/2024 0:00,928.7,3,0,8529,0,5013,4.11,3.43,28.49,0,4.42,70.26
1/22/2024 0:00,103.31,3,0,8421,5.629879615,608,0.457,0,31.4,0,3.15,51
1/23/2024 0:00,534.46,2,0,8489,4.482506132,3248,2.53,12.8,29.38,0,3.78,58.3
1/24/2024 0:00,1010,3,0,8526,5.2166453,4903,4.19,0.875,27.7,0,4.91,75.72
1/25/2024 0:00,1463,2,0,8540,0,6456,5.8,3.75,28.71,0,4.42,70.28
1/26/2024 0:00,105.8,4,0,8431,4.171154178,735,0.532,1,29.1,0,4.61,70
1/27/2024 0:00,228.67,5,0,8424,6.169773313,1531,1.11,0,28.98,0,4.72,75.4
1/28/2024 0:00,1305,5,0,8559,0,6823,5.69,3.67,29.42,0,4.29,66.47
1/29/2024 0:00,116.74,3,0,8418,4.947592063,835,0.62,0,24.8,0,6.01,79
1/30/2024 0:00,995.45,3,0,8525,4.871661616,5078,4.21,0,28.16,0,4.64,71.67
1/31/2024 0:00,365.01,6,0,8457,0,2092,1.64,40,29.5,0,3.97,63.83
2/1/2024 0:00,1128,2,0,8535,4.818981393,5624,4.82,5,28.13,0,4.59,71.12
2/2/2024 0:00,1572,0,0,8588,6.400773609,7881,6.69,1,27.72,0,5,76.48
2/3/2024 0:00,607.9,4,75.22,8480,0,4297,3.21,9,30.11,0,3.83,64.96
2/4/2024 0:00,1202,3,74.09,8526,7.872320429,6276,5.25,1.67,29.2,0,4.35,69.76
2/5/2024 0:00,1733,9,68.36,8539,5.130933679,8507,6.99,15.62,29.02,0,4.1,66.04
2/6/2024 0:00,104.76,5,65.92,8417,4.849804974,313,0.24,0,0,0,0,0
2/7/2024 0:00,115.48,5,59.64,8420,4.874032099,673,0.516,0,0,0,2.95,66
2/8/2024 0:00,129.82,4,64.87,8421,0,736,0.554,0,31.5,0,3.35,53
2/9/2024 0:00,98.94,4,61.97,8416,4.434628984,640,0.49,0,0,0,0,0
2/10/2024 0:00,203.82,8,65.84,8419,6.130739598,1568,1.15,0,28,0,4.2,75.67
2/11/2024 0:00,126.44,5,58,8422,0,772,0.584,0,0,0,0,0
2/12/2024 0:00,101.66,1,73.29,8416,5.245479003,1023,0.709,0,30.45,0,3.78,61.5
2/13/2024 0:00,953.02,4,72.69,8515,5.406927242,4799,4.02,1.83,27.86,0,4.56,73.41
2/14/2024 0:00,767.91,2,72.74,8511,0,4003,3.36,5,27.66,0,4.64,73.5
2/15/2024 0:00,243.76,2,70.41,8447,6.618000026,1995,1.44,1.17,29.51,0,4.22,72
2/16/2024 0:00,1652,5,73.18,8570,5.576914704,7350,6.31,2.67,28.1,0,4.57,71.27
2/17/2024 0:00,1608,1,68.39,8555,4.170550161,6890,6.14,9.5,28.31,0,4.57,72.36
2/18/2024 0:00,1649,1,66.26,8533,4.562701298,6544,5.94,0,27.61,0,4.85,77.62
2/19/2024 0:00,1755,3,68.18,8564,0,7567,6.7,1.83,28.13,0,4.87,75.06
2/20/2024 0:00,840.48,7,62.94,8519,4.547410977,5116,3.94,1.08,28.29,0,4.87,76.22
2/21/2024 0:00,1472,1,69.7,8563,0,6798,5.64,1.6,27.49,0,5.12,79.27
2/22/2024 0:00,609.25,6,73.76,8501,5.847448309,3970,2.85,3.8,28.06,0,4.48,69.5
2/23/2024 0:00,577.35,6,72.89,8469,5.969462621,3760,2.78,6,29.83,0,4.29,67.15
2/24/2024 0:00,103.66,1,67.11,8428,0,1061,0.746,0,34.5,0,2.59,44
2/25/2024 0:00,125.27,3,73.41,8424,6.513609381,785,0.559,0,31.27,0,3.46,59.33
2/26/2024 0:00,1051,1,76.89,8528,7.156441644,6893,5.21,0.375,29.34,0,4.44,70.69
2/27/2024 0:00,630.91,4,67,8479,0,4481,3.24,2.25,29.86,0,4.22,66
2/28/2024 0:00,716.12,1,69.99,8482,6.581151679,5037,3.79,0.833,29.93,0,4.1,66.83
2/29/2024 0:00,767.68,2,72.9,8485,6.539858072,5301,3.88,3.2,30.3,0,4.24,67.83
3/1/2024 0:00,934,5,66.35,8542,5.64038696,6418,4.69,3.38,29.25,0,4.31,69.1
3/2/2024 0:00,59.11,3,53.3,8418,5.913460925,491,0.366,0,0,0,0,0
3/3/2024 0:00,77.48,3,69.37,8418,5.428504872,519,0.38,0,33,0,2.74,46
3/4/2024 0:00,1518,2,65.9,8584,6.506083107,10663,7.93,3.6,29.2,0,4.39,69.14
3/5/2024 0:00,659.44,3,69.87,8484,0,4315,3.26,2.43,29.54,0,4.28,70.32
3/6/2024 0:00,699.73,1,72.98,8487,8.141908205,4885,3.67,2.8,29.18,0,4.38,69.3
3/7/2024 0:00,499.42,0,69.73,8480,6.77266355,3962,2.96,3.2,29.01,0,4.5,76.23
3/8/2024 0:00,549.73,2,65.27,8481,0,4096,2.93,2.33,29.59,0,4.36,70.29
3/9/2024 0:00,57.08,1,0,8418,5.134341995,286,0.212,0,0,0,2.99,68
3/10/2024 0:00,66.84,2,67.38,8419,0,459,0.327,0,0,0,0,0
3/11/2024 0:00,833.75,0,66.52,8506,6.150023406,5714,4.2,2.86,29.8,0,4.01,64.31
3/12/2024 0:00,933.35,0,56.61,8502,6.703840181,6168,4.5,5.11,30.02,0,3.97,65.09
3/13/2024 0:00,516.33,1,58.67,8476,5.22808403,3834,2.78,13,29.79,0,4.02,65.31
3/14/2024 0:00,1002,0,61.02,8544,6.636682957,7122,5.24,2.6,30.57,0,3.87,63.14
3/15/2024 0:00,631.92,0,60.45,8483,5.427950549,4313,3.18,2.88,29.51,0,4.13,65.25
3/16/2024 0:00,167.21,5,71.16,8427,6.299902486,1201,0.852,2,30.2,0,4.09,63
3/17/2024 0:00,214.74,6,73.67,8435,0,1342,0.904,4.25,31,0,3.96,67.5
3/18/2024 0:00,560.16,0,61.37,8474,6.242675784,4006,2.91,8.62,30.08,0,4.04,64.41
3/19/2024 0:00,1032,4,58.92,8513,6.080585745,6805,5.08,2.14,29.99,0,4.17,66.91
3/20/2024 0:00,651.46,0,68,8512,0,4710,3.37,2.67,30.27,0,3.92,62.67
3/21/2024 0:00,939.28,2,56.38,8512,6.461773532,6355,4.73,2,30.37,0,4.06,64.75
3/22/2024 0:00,382.45,1,64.01,8448,5.867941786,2640,1.96,0,28.67,0,4.31,69.64
3/23/2024 0:00,42.61,2,64.49,8417,6.152374996,206,0.154,0,0,0,0,0
3/24/2024 0:00,232.7,8,71.85,8423,6.333061159,1329,0.954,0,32.24,0,3.32,53.57
3/25/2024 0:00,636.61,1,67.14,8497,6.585300673,4921,3.37,17.7,30.29,0,3.87,64
3/26/2024 0:00,1089,3,63.34,8527,0,7295,5.41,3.69,30.31,0,3.89,63.67
3/27/2024 0:00,776.5,0,56.11,8503,7.75257159,5124,3.9,7,29.23,0,4.35,69.7
3/28/2024 0:00,872.54,2,56.72,8516,6.738226483,5667,4.32,6.67,29.57,0,3.74,63.7
3/29/2024 0:00,503.62,1,67.54,8477,0,3583,2.65,3.33,29.61,0,4.34,67.17
3/30/2024 0:00,312.91,2,77.84,8455,4.855626633,2013,1.54,11.67,28.58,0,4.2,64.12
3/31/2024 0:00,59.46,3,0,8066,0,314,0.235,0,0,0,0,0
4/1/2024 0:00,513.79,0,63.45,8479,6.555081126,3867,2.7,3.67,29.89,0,4.14,64.47
4/2/2024 0:00,925.16,0,73.17,8538,7.298571169,6548,4.9,0.143,29.62,0,4.27,69.46
4/3/2024 0:00,982.25,1,71.38,8525,6.319506992,6548,4.94,1.11,29.29,0,4.35,69.39
4/4/2024 0:00,1541,0,69.23,8577,5.804941702,8829,6.96,5.5,29.43,0,4.05,65.11
4/5/2024 0:00,823.13,4,65.54,8523,6.056018848,5145,3.8,4.47,29.99,0,4.15,66.79
4/6/2024 0:00,45.9,2,63.18,8418,5.964884024,287,0.219,0,0,0,0,0
4/7/2024 0:00,142.05,5,58.31,8424,0,793,0.582,0,31.22,0,3.51,58.83
4/8/2024 0:00,937.69,1,69.03,8529,8.25909733,6251,4.68,4.67,29.46,0,4.13,64.24
4/9/2024 0:00,860.56,0,76.76,8512,5.71079469,5906,4.48,1.38,29.49,0,4.21,69
4/10/2024 0:00,1064,5,73.08,8510,6.285369018,6831,4.96,0.316,29.79,0,4.22,65.61
4/11/2024 0:00,1105,3,58.55,8551,6.626733943,7332,5.51,0.111,30.08,0,4.22,67.7
4/12/2024 0:00,698.39,1,66.44,8504,6.710671359,4983,3.55,0.8,30.06,0,3.91,63.76
4/13/2024 0:00,193.37,1,71.65,8425,5.612641701,1205,0.868,3,29.6,0,4.32,66.5
4/14/2024 0:00,63.73,3,61.42,8418,0,266,0.188,0,0,0,0,0
4/15/2024 0:00,951.83,1,66.53,8521,7.060601339,7019,5.2,7.5,30.77,0,3.77,62.6
4/16/2024 0:00,1055,0,62.21,8544,6.460070289,7584,5.54,2.31,30.41,0,3.81,61
4/17/2024 0:00,782.78,0,66.84,8521,6.679371946,5560,4.13,3.89,30,0,4.06,69.19
4/18/2024 0:00,791.58,0,78.06,8491,7.016886966,5380,4.07,9.33,30.24,0,3.9,64.12
4/19/2024 0:00,812.46,2,60.21,8530,7.044109624,5807,4.15,4.06,29.67,0,4.07,67.65
4/20/2024 0:00,60.31,3,54.22,8418,4.422337595,244,0.186,0,0,0,0,0
4/21/2024 0:00,110.48,6,0,8428,0,583,0.407,0,29.5,0,4.32,68
4/22/2024 0:00,880.47,2,65.79,8497,6.584360991,6349,4.43,4.12,29.64,0,4.24,67.68
4/23/2024 0:00,905.56,0,74.1,8545,6.046302566,6628,4.81,1.2,29.72,0,4.19,67.67
4/24/2024 0:00,1018,2,78,8550,6.477746809,6550,4.92,1,29.27,0,4.26,65.95
4/25/2024 0:00,875.08,1,69.18,8513,6.830332116,5521,4.24,0.5,29.31,0,4.18,68.39
4/26/2024 0:00,535.31,2,69.4,8480,5.401227854,3662,2.67,3.75,30.25,0,4.02,64.06
4/27/2024 0:00,142.7,4,73.18,8423,5.999932622,932,0.654,0,31.53,0,3.48,61
4/28/2024 0:00,100.86,5,75.37,8422,5.75876684,537,0.388,0,30.3,0,4.21,75
4/29/2024 0:00,79.01,4,0,8421,6.098068205,331,0.252,0,0,0,0,0
4/30/2024 0:00,48.95,3,70.71,8418,4.465639659,281,0.218,0,0,0,0,0
5/1/2024 0:00,69.93,2,0,8421,0,258,0.196,0,0,0,0,0
5/2/2024 0:00,927.79,1,72.22,8528,8.342417056,6663,4.68,6.75,29.96,0,3.93,64.87
5/3/2024 0:00,470.95,3,76.11,8467,5.425613478,2944,2.22,2,29.28,0,4.06,69.39
5/4/2024 0:00,184.94,5,0,8424,5.328827943,1225,0.911,0,31.02,0,3.64,57.67
5/5/2024 0:00,105.34,5,0,8420,0,521,0.38,0,0,0,0,0
5/6/2024 0:00,647.28,0,70.62,8483,7.690808248,4478,3.34,3.29,29.61,0,4.34,68.69
5/7/2024 0:00,897.73,2,70.81,8530,5.415300214,6248,4.48,3.43,30.22,0,4.04,64.39
5/8/2024 0:00,732.27,0,77.29,8498,5.652289307,5523,3.89,2.71,30.65,0,3.71,60.67
5/9/2024 0:00,859.95,2,80.38,8532,5.542361168,5791,4.35,1.56,29.37,0,4.23,66.03
5/10/2024 0:00,655.18,4,68.93,8499,4.807918364,4393,3.14,8.33,30.12,0,4,62.65
5/11/2024 0:00,121.59,3,0,8421,5.939303823,913,0.636,0,29.83,0,4.18,59.75
5/12/2024 0:00,92.88,2,0,8421,0,447,0.337,0,30.7,0,3.82,67.5
5/13/2024 0:00,580.09,3,80.04,8487,6.791417457,4021,2.88,3.17,28.94,0,4.47,69.47
5/14/2024 0:00,1048,1,77.37,8528,5.716878828,7058,5.2,1.08,29.94,0,3.99,62.86
5/15/2024 0:00,727.1,2,73.26,8508,5.562682825,4770,3.54,0.222,29.8,0,4.14,64.14
5/16/2024 0:00,707.3,2,69.14,8486,7.048543065,4673,3.33,2,30.5,0,3.89,63.25
5/17/2024 0:00,631.76,3,73.12,8477,5.834155544,4371,3.26,0,29.21,0,4.32,69.47
5/18/2024 0:00,251.82,2,0,8427,6.816089513,1555,1.08,0,31.37,0,3.51,55.1
5/19/2024 0:00,93.99,3,72.3,8418,0,625,0.463,0,32.3,0,2.88,49
5/20/2024 0:00,117.47,0,71.63,8429,7.301123279,943,0.663,0,30.15,0,4.21,66.5
5/21/2024 0:00,919.95,2,77.9,8522,6.533948202,6107,4.62,0.444,29.35,0,4.21,66.92
5/22/2024 0:00,541.17,1,0,8473,5.530102955,3383,2.58,1.14,30.04,0,4.06,63.93
5/23/2024 0:00,486.89,0,66.85,8478,5.996682388,3418,2.48,0.125,29.85,0,4.14,65.89
5/24/2024 0:00,541.38,3,71.93,8488,6.694269299,3931,2.65,0.444,30.54,0,3.94,63
5/25/2024 0:00,138.31,9,0,8418,3.648244246,689,0.509,0,0,0,3.02,60
5/26/2024 0:00,61.59,3,0,8419,0,375,0.277,0,25.8,0,6.66,90
5/27/2024 0:00,60.83,1,72.02,8416,0,671,0.44,0,30.7,0,3.89,60
5/28/2024 0:00,584.42,1,0,8476,5.919411419,4185,3.09,10.33,29.09,0,4.21,68.1
5/29/2024 0:00,969.9,5,0,8531,5.875537782,5889,4.46,8.4,30.5,0,3.85,65.35
5/30/2024 0:00,800.22,0,0,8521,5.066130854,5504,4.1,2.18,30.37,0,4.02,64
5/31/2024 0:00,641.84,2,71.73,8488,4.851185364,4230,3.15,1.67,30.12,0,4.24,68.64
6/1/2024 0:00,254.13,4,74.32,8426,6.768887154,2184,1.57,18.8,32.09,0,3.05,50.6
6/2/2024 0:00,92.99,4,63.65,8425,0,531,0.39,0,27.3,0,4.01,66
6/3/2024 0:00,791,0,69.67,8512,6.207603751,4784,3.51,4.92,30.14,0,3.95,62.27
6/4/2024 0:00,865.52,0,77.14,8527,7.233917808,6292,4.32,1.64,30.72,0,3.83,61.81
6/5/2024 0:00,870.61,0,80.45,8533,6.639593903,5719,4.28,0.231,29.18,0,4.25,68.14
6/6/2024 0:00,759.04,0,76.28,8516,4.950156124,5044,3.75,3.08,29.51,0,4.35,71.71
6/7/2024 0:00,505.58,1,70.11,8470,6.707342964,3526,2.49,0.333,30.5,0,3.93,62.59
6/8/2024 0:00,92.23,2,0,8421,4.904056289,586,0.417,0,0,0,0,0
6/9/2024 0:00,47.11,2,0,8418,0,246,0.184,0,0,0,0,0
6/10/2024 0:00,1089,1,74.46,8522,6.765590873,5721,4.67,6.38,29.01,0,4.47,70.61
6/11/2024 0:00,639.6,2,74.31,8468,6.166333498,4063,3.04,0.5,30.19,0,4.08,64.67
6/12/2024 0:00,915.6,0,0,8516,5.94502242,5515,4.3,5.17,29.76,0,4.27,67.58
6/13/2024 0:00,592.54,0,70.73,8483,6.038692036,4330,3.1,1.54,30.42,0,4.01,64.32
6/14/2024 0:00,556.74,2,72.64,8481,5.775871051,3657,2.7,4.25,30.43,0,3.69,59.4
6/15/2024 0:00,123.21,4,74.23,8416,7.237855319,598,0.458,0,28.8,0,4.32,87
6/16/2024 0:00,77.53,3,0,8420,0,459,0.35,0,0,0,3.6,77
6/17/2024 0:00,744.27,0,75.89,8495,6.700957667,4111,3.28,15.83,29.11,0,4.15,67.07
6/18/2024 0:00,708.55,0,64.02,8502,7.008168939,4688,3.66,0,28.99,0,4.43,68.8
6/19/2024 0:00,1285,0,79.17,8553,8.075669659,7065,5.59,5.5,29.33,0,4.42,69.45
6/20/2024 0:00,820.11,0,0,8522,6.531176267,5297,4.14,0.2,29.78,0,4.21,68.33
6/21/2024 0:00,734.95,2,78.12,8483,6.334506692,4591,3.45,7.29,30.23,0,4.05,65.29
6/22/2024 0:00,47.24,2,0,8420,6.464469713,353,0.267,0,26.3,0,6.34,87
6/23/2024 0:00,110.99,6,0,8419,0,454,0.348,0,29.5,0,4.03,66
6/24/2024 0:00,354.87,0,80.29,8463,6.340001634,2525,1.85,0.5,29.19,0,4.35,68.82
6/25/2024 0:00,804.89,0,0,8523,5.632508079,5147,3.94,0.455,28.62,0,4.69,74.91
6/26/2024 0:00,794.6,0,0,8498,6.449917345,4974,3.84,0.8,29.15,0,4.63,72.59
6/27/2024 0:00,829.03,0,0,8514,6.200373971,5861,4.33,0.5,29.48,0,4.25,67.43
6/28/2024 0:00,831.55,3,73.86,8498,6.682466569,5440,4.02,3.88,30.15,0,4.06,66.39
6/29/2024 0:00,139.34,2,72.35,8425,5.00382976,1210,0.87,8,32.63,0,2.84,53.75
6/30/2024 0:00,231.98,6,73.02,8440,5.304412446,1708,1.17,0,30.78,0,3.92,65.17
7/1/2024 0:00,165.97,6,75.64,8425,4.994695261,848,0.609,0,29.77,0,4.12,71
7/2/2024 0:00,281.22,8,74.95,8434,5.17972749,1503,1.02,0,31.02,0,3.2,53.2
7/3/2024 0:00,540.94,5,78.91,8486,0,3675,2.6,0.429,29.82,0,4.32,67.62
7/4/2024 0:00,573.61,0,73.9,8499,8.199893429,4112,2.88,0.222,30.11,0,3.92,63.45
7/5/2024 0:00,306.86,3,78.13,8443,6.474925137,2386,1.71,0,29.4,0,4.44,70.3
7/6/2024 0:00,742.17,2,75.56,8413,5.38636585,4799,3.29,0,29.7,0,3.53,62.33
7/7/2024 0:00,71.25,4,70.12,8417,8.140798787,438,0.334,0,0,0,0,0
7/8/2024 0:00,265.07,7,69.13,8434,6.520524168,1618,1.19,0,29.1,0,4.2,66
7/9/2024 0:00,192.22,3,69.91,8421,7.02830855,1450,1.07,0,29.32,0,4.31,73.62
7/10/2024 0:00,338.39,7,74.78,8442,5.745510242,1792,1.34,0,29.59,0,4.2,66.9
7/11/2024 0:00,165.25,7,70.33,8422,5.696627852,784,0.594,8,28.8,0,4.51,68.75
7/12/2024 0:00,135.31,5,72.65,8422,5.643528167,949,0.67,23,32,0,3.07,52.25
7/13/2024 0:00,201.52,2,73.43,8433,6.894360918,1411,1.07,0,28.84,0,4.77,73.4
7/14/2024 0:00,59.59,2,68.34,8417,7.413510263,392,0.285,0,0,0,2.74,51
7/15/2024 0:00,48.18,2,0,8419,6.378158674,389,0.292,0,29.2,0,4.72,70
7/16/2024 0:00,423.96,4,0,8454,6.117276737,2585,1.86,5.22,31.98,0,3.2,54.88
7/17/2024 0:00,172.74,5,70.35,8426,4.652301279,1031,0.797,0,28,0,4.79,77
7/18/2024 0:00,82.72,4,70.25,8421,8.50028235,695,0.492,0,31.37,0,3.29,51.67
7/19/2024 0:00,398.65,4,66.42,8456,0,2488,1.78,3.88,30.11,0,3.92,65.43
7/20/2024 0:00,1274,10,71.28,8608,5.594395899,8440,5.97,7.81,31.16,0,3.53,61.84
7/21/2024 0:00,1448,8,74.82,8639,6.3825,10376,7.45,12.06,30.7,0,3.48,61.49
7/22/2024 0:00,496.92,2,66.19,8453,5.456111019,3855,2.74,6,31.29,0,3.57,61.09
7/23/2024 0:00,270.72,6,66.38,8442,5.823316522,2041,1.44,3,29.47,0,4.12,66.08
7/24/2024 0:00,85.98,5,0,8418,5.948387285,392,0.297,0,30.4,0,4.09,71.5
7/25/2024 0:00,204.15,4,75.75,8426,6.321447707,1142,0.906,0,27.2,0,5.58,87
7/26/2024 0:00,93.93,2,0,8419,7.872251104,533,0.379,0,0,0,0,0
7/27/2024 0:00,143.66,3,66,8423,6.422968601,1049,0.771,0,30.53,0,3.56,59.2
7/28/2024 0:00,235.34,3,67.44,8434,5.107952006,1536,1.14,2,30.08,0,3.96,67.17
7/29/2024 0:00,138.52,2,70.8,8434,4.590009264,1018,0.777,0,0,0,3.82,59
7/30/2024 0:00,173.85,2,73.12,8429,5.683766513,1143,0.863,0,29.7,0,4.43,70.5
7/31/2024 0:00,73.95,3,0,8419,4.926305356,337,0.26,0,32.2,0,3.83,68
8/1/2024 0:00,70.32,4,0,8418,4.492693886,248,0.19,0,0,0,0,0
8/2/2024 0:00,137.83,5,70.28,8426,4.548493267,1057,0.743,0,29.6,0,5.44,88
8/3/2024 0:00,178.3,5,77.67,8432,0,1017,0.784,0,28.63,0,4.23,70.2
8/4/2024 0:00,68.15,3,0,8418,4.891376496,345,0.267,0,0,0,0,0
8/5/2024 0:00,60.57,1,59.08,8420,5.322694697,630,0.44,0,32.6,0,2.32,41.75
8/6/2024 0:00,273.81,4,78.88,8449,5.213482325,1702,1.3,0,29,0,4.42,73.6
8/7/2024 0:00,65.36,3,0,8419,4.657971683,487,0.359,0,29.5,0,4.18,73
8/8/2024 0:00,119.78,1,76.47,8431,7.311639864,821,0.644,0,27.3,0,4.27,69.33
8/9/2024 0:00,230.24,5,62.57,8432,4.490418473,1253,0.944,0,31.1,0,3.63,59.5
8/10/2024 0:00,224.79,4,69.76,8433,4.635089744,1594,1.18,9,29.1,0,4.2,72.22
8/11/2024 0:00,742.05,3,0,8518,6.015117554,5321,3.88,18.56,32.26,0,2.94,54.45
8/12/2024 0:00,84.94,2,74.7,8418,5.354555493,563,0.412,0,31.87,0,3.11,52
8/13/2024 0:00,174.45,3,76.21,8434,5.175265381,1164,0.891,0,29.66,0,3.77,60.33
8/14/2024 0:00,187.04,4,60.76,8431,4.139776361,1344,0.961,1.33,29.95,0,3.99,66.67
8/15/2024 0:00,59.72,2,51.92,8417,7.255267304,416,0.309,0,29.2,0,5.18,73
8/16/2024 0:00,581.03,4,65.4,8430,4.513280489,4398,3.12,37.33,31.04,0,3.54,64
8/17/2024 0:00,298.47,3,75.59,8434,4.988864965,2137,1.46,3.8,30.5,0,3.87,59.83
8/18/2024 0:00,61.53,5,57.11,8418,4.896727842,370,0.27,0,30.2,0,4.43,76
8/19/2024 0:00,218.17,3,77.33,8436,6.496667124,1649,1.2,0,0,0,0,0
8/20/2024 0:00,97.17,2,77.31,8419,0,801,0.584,0,30.2,0,4.4,65.67
8/21/2024 0:00,198.49,6,72.09,8433,4.858669758,1309,0.899,3.33,30.87,0,3.55,56.67
8/22/2024 0:00,36.1,1,0,8418,5.171054181,236,0.176,0,29.5,0,4.48,80
8/23/2024 0:00,392.77,3,76.63,8452,4.152681285,2701,2.1,0,29.15,0,4.13,69.17
8/24/2024 0:00,333.06,2,68.81,8437,4.874610173,2673,1.93,10.25,31.77,0,3.31,53.09
8/25/2024 0:00,131.31,3,0,8428,5.10015556,715,0.521,0,31.5,0,3.64,53.5
8/26/2024 0:00,67.95,3,0,8416,5.991546915,399,0.32,0,0,0,0,0
8/27/2024 0:00,81.93,3,61.49,8418,5.030405311,511,0.364,0,32.5,0,3.06,51
8/28/2024 0:00,103.82,3,57.93,8418,5.444122464,741,0.573,0,28,0,5.4,71
8/29/2024 0:00,100.83,3,53.5,8422,6.300996976,584,0.428,0,0,0,0,0
8/30/2024 0:00,132.54,3,68,8427,0,770,0.558,16,29.7,0,3.22,54.4
8/31/2024 0:00,149.36,3,67.08,8424,4.274236316,859,0.641,0,30,0,4.07,76.5
9/1/2024 0:00,210.23,5,76.19,8429,4.279490631,1706,1.19,7.67,29.93,0,3.54,62.11
9/2/2024 0:00,309.85,2,58.29,8434,0,2231,1.53,0.2,30.54,0,3.76,60.5
9/3/2024 0:00,2528,11,55.81,8660,7.792431511,16792,12.02,7.98,31.1,0,3.67,62.74
9/4/2024 0:00,2027,15,52.92,8664,0,13513,9.34,5.24,31.47,0,3.44,61.31
9/5/2024 0:00,2135,12,49.25,8650,6.674444444,12705,9.2,2.03,29.92,0,4.17,69.56
9/6/2024 0:00,2989,25,53.18,8862,8.208049077,15572,11.48,4.39,30.85,0,3.72,65.73
9/7/2024 0:00,2829,37,62.45,8722,7.226666667,15026,10.72,4.08,30.78,0,3.73,62.41
9/8/2024 0:00,233.78,6,0,8429,0,1436,1.07,0,30.28,0,4.36,76.25
9/9/2024 0:00,3663,50,39.24,8841,8.129982432,17565,12.41,3.4,30.23,0,4.07,66.93
9/10/2024 0:00,1849,14,63.57,8650,8.053218739,11450,8.44,10.61,31.03,0,3.68,63.39
9/11/2024 0:00,1763,3,53.99,8645,7.885130089,10537,7.9,6.78,30.52,0,3.84,63.33
9/12/2024 0:00,3210,14,58.61,8826,8.500089625,20397,14.44,3.98,31.64,0,3.44,60.56
9/13/2024 0:00,1585,2,58.26,8525,0,11499,7.87,1.72,31,0,3.71,63.05
9/14/2024 0:00,1511,16,47.56,8583,7.904840977,9875,6.82,1.55,30.55,0,3.74,59.7
9/15/2024 0:00,342.23,8,53.47,8442,0,1865,1.39,0,30.55,0,3.82,65.17
9/16/2024 0:00,1811,23,45.88,8607,7.767132975,10304,7.22,4.94,31.04,0,3.63,60.43
9/17/2024 0:00,1795,27,51.09,8601,7.701085544,8850,6.55,9.76,30.62,0,3.81,63.14
9/18/2024 0:00,1655,22,56.65,8585,7.613333333,9395,6.76,5.63,30.98,0,3.86,63.43
9/19/2024 0:00,2182,24,53.97,8664,7.970404552,12148,8.4,4.75,30.93,0,3.54,58.16
9/20/2024 0:00,1914,29,67.16,8632,8.332877664,10231,7.18,1.95,29.72,0,4.04,64.5
9/21/2024 0:00,600.72,9,0,8448,7.169480334,3211,2.45,0.25,29.96,0,3.85,61.54
9/22/2024 0:00,807.22,6,0,8523,0,4830,3.72,7.93,31.53,0,3.48,59.88
9/23/2024 0:00,1963,26,59.7,8626,7.825538992,10136,7.22,0.367,29.85,0,4.12,66.16
9/24/2024 0:00,1606,17,61.15,8610,8.052514493,9514,6.91,1.78,29.95,0,4.05,64.9
9/25/2024 0:00,1342,18,64.68,8495,8.173214702,7319,5.23,3.65,31.19,0,3.64,60.96
9/26/2024 0:00,1451,20,59.63,8597,7.330830831,8166,5.78,10.08,30.37,0,3.78,61.41
9/27/2024 0:00,2222,23,62.61,8621,7.651674689,12670,8.87,7.05,30.75,0,3.83,61.26
9/28/2024 0:00,1698,12,62.05,8613,7.647141981,9888,7.05,3.76,31.17,0,3.62,61.22
9/29/2024 0:00,495.62,8,50.44,8464,7.439148697,2728,1.99,1.33,29.45,0,4.5,73.1
9/30/2024 0:00,2072,30,62.96,8615,7.352238282,10022,7.25,2.32,30.65,0,4.15,65.02
10/1/2024 0:00,1358,23,57.9,8546,8.50076264,7051,5.14,7.17,29.92,0,4.14,65.8
10/2/2024 0:00,432.23,6,0,8446,0,2630,1.93,1,31.85,0,3.76,59.82
10/3/2024 0:00,309.68,8,59.37,8432,7.72846213,1452,1.11,0,30.38,0,3.72,61.17
10/4/2024 0:00,1290,17,66.68,8547,0,7155,5.19,2.59,30.14,0,4.04,62
10/5/2024 0:00,1991,10,58.71,8680,7.899277169,12031,8.7,4,30.32,0,3.95,63.4
10/6/2024 0:00,179.2,6,72.77,8424,0,950,0.683,0,29.9,0,3.71,56
10/7/2024 0:00,1503,15,59.21,8595,7.879714512,8832,6.18,1.28,30.48,0,3.91,63.09
10/8/2024 0:00,813.66,10,72.26,8509,7.690277778,4004,2.93,2.75,29.66,0,4.28,66.19
10/9/2024 0:00,1688,21,0,8592,8.429166667,9020,6.35,1.32,30.11,0,4.07,63.64
10/10/2024 0:00,2010,30,0,8650,0,10581,7.71,3.41,29.8,0,4.05,65.45
10/11/2024 0:00,1750,10,0,8664,8.236755665,10602,7.49,10.49,31.55,0,3.62,60.92
10/12/2024 0:00,884.45,14,78.09,8414,6.4175,5151,3.7,3.69,31.1,0,3.52,58.93
10/13/2024 0:00,147.01,5,0,8421,6.722337017,665,0.496,0,26.1,0,6.19,98
10/14/2024 0:00,337.61,5,50.72,8452,6.486009808,1971,1.41,2.5,31.41,0,3.74,61.42
10/15/2024 0:00,438.8,9,0,8450,6.192663659,2408,1.78,6.2,31.64,0,3.78,60.33
10/16/2024 0:00,515.43,6,60.93,8467,5.649291745,3231,2.23,1.29,30.47,0,3.85,63.44
10/17/2024 0:00,2185,18,0,8697,8.469256049,14290,9.65,5.97,31.54,0,3.46,60.42
10/18/2024 0:00,3719,27,0,8795,0,22112,16.01,12.35,30.82,0,3.81,65.4
10/19/2024 0:00,2816,38,0,8704,5.80506846,14064,10.22,14.9,31.46,0,3.51,61.19
10/20/2024 0:00,2268,15,68.48,8683,6.549677906,14248,10.31,5.47,30.64,0,3.8,64.52
10/21/2024 0:00,1710,24,73.07,8592,7.175356793,8964,6.33,2.42,30.18,0,3.95,62.92
10/22/2024 0:00,1236,14,0,8525,0,6497,4.93,0.333,30.65,0,3.78,62.26
10/23/2024 0:00,463.86,7,0,8458,6.929561374,2400,1.8,3.14,31.02,0,3.68,60.46
10/24/2024 0:00,1369,12,0,8558,6.87043974,8430,5.88,3.42,30.64,0,3.89,63.26
10/25/2024 0:00,1211,14,0,8530,7.700277778,7126,5.15,3.17,31.35,0,3.57,60.14
10/26/2024 0:00,643.11,2,0,8497,6.797709609,4388,3.06,3.58,30.76,0,3.65,59.37
10/27/2024 0:00,38.12,2,0,8771,8.042568596,225,0.181,0,30.1,0,3.96,66
10/28/2024 0:00,766.25,12,0,8506,0,4078,2.82,0.933,30.47,0,4,62.71
10/29/2024 0:00,1139,12,0,8543,7.752457612,6354,4.49,2.91,30.52,0,3.94,63.89
10/30/2024 0:00,849.69,8,0,8526,7.308055556,5047,3.61,1.73,31.23,0,3.8,61.92
10/31/2024 0:00,1010,9,0,8536,6.654563952,6007,4.14,2.04,30.4,0,3.99,62.74
11/1/2024 0:00,1167,20,0,8289,7.072139815,5990,4.14,0.905,30.17,0,3.97,62.7
11/2/2024 0:00,806.5,4,0,8515,6.938261337,5423,3.81,2.65,30.16,0,3.83,62.23
11/3/2024 0:00,74.61,2,0,8423,6.083797485,348,0.264,0,0,0,0,0
11/4/2024 0:00,371.18,6,0,8456,6.87248616,2137,1.46,1.5,30.08,0,4.21,62.1
11/5/2024 0:00,878.77,4,0,8500,6.398751141,5696,3.89,7.95,31.3,0,3.76,60.47
11/6/2024 0:00,404.6,6,0,8453,6.604392002,2474,1.72,20.33,29.25,0,4.48,65.77
11/7/2024 0:00,1594,16,0,8573,6.772097177,8118,5.86,3.38,30.11,0,4.22,64.82
11/8/2024 0:00,1154,16,0,8540,6.823301427,6434,4.74,6.5,30.82,0,3.75,60.49
11/9/2024 0:00,884.47,12,0,8498,7.074506117,5015,3.64,1.8,30.48,0,3.9,63.91
11/10/2024 0:00,123.1,4,0,8422,6.200936126,474,0.34,0,30.1,0,4.01,63.5
11/11/2024 0:00,699.5,10,0,8482,6.709341881,3831,2.79,0.75,30.81,0,3.72,61.76
11/12/2024 0:00,1596,15,0,8590,6.905834682,8865,6.2,3.85,30.25,0,4,62.9
11/13/2024 0:00,227.44,8,0,8428,6.801493167,784,0.599,0,27.2,0,4.01,67
11/14/2024 0:00,993.19,15,0,8505,7.093799001,5159,3.67,1.27,30.05,0,4.22,66
11/15/2024 0:00,1536,20,0,8570,7.389391969,7823,5.87,4.52,30.3,0,4.28,69.53
11/16/2024 0:00,664.34,8,0,8490,6.678333333,4218,2.82,1.5,30.74,0,3.79,61.1
11/17/2024 0:00,31.02,0,0,8422,6.346743361,205,0.154,0,0,0,0,0
11/18/2024 0:00,1701,16,59.74,8640,7.449444444,9365,6.43,1.13,30.2,0,4.14,65.95
11/19/2024 0:00,806.16,12,0,8480,7.787222222,4489,3.15,6.79,30.61,0,3.99,65.75
11/20/2024 0:00,278.76,4,0,8447,6.276165826,1670,1.19,0,30.95,0,3.84,61.33
11/21/2024 0:00,433.78,8,0,8449,5.776324296,2312,1.7,0.667,30.36,0,3.95,62.6
11/22/2024 0:00,712.96,10,67.82,8485,6.8802064,3700,2.62,1.5,30.71,0,4.03,64.38
11/23/2024 0:00,1677,8,0,8591,6.740502393,9453,7.1,11.54,30.13,0,3.92,65.52
11/24/2024 0:00,128.76,4,0,8424,6.358699847,489,0.37,0,0,0,0,0
11/25/2024 0:00,393.4,6,0,8449,6.31257977,1794,1.38,0,30.56,0,4.28,65.67
11/26/2024 0:00,2418,23,0,8693,6.724352362,13406,9.72,0.976,30.57,0,3.9,64.65
11/27/2024 0:00,1256,11,0,8561,6.970131584,6967,5.17,2.75,29.84,0,4.27,68.7
11/28/2024 0:00,1394,11,0,8579,6.411057387,8757,6.11,3.19,30.62,0,3.82,62.61
11/29/2024 0:00,1711,20,0,8592,6.617239473,9970,6.9,9.5,30.96,0,3.51,60.17
11/30/2024 0:00,926.03,14,0,8508,7.101585795,5209,3.82,0.778,30.88,0,3.67,61.84
12/1/2024 0:00,169.6,4,0,8428,8.362174761,932,0.654,0,31.22,0,3.24,50.5
12/2/2024 0:00,330.82,4,0,8442,0,1934,1.41,21.33,31.1,0,3.96,61.5
12/3/2024 0:00,1523,12,0,8606,6.510263799,8754,6.07,3.47,30.34,0,3.76,61.43
12/4/2024 0:00,619.68,9,0,8475,6.727512462,3591,2.55,2.86,30.71,0,3.56,58.39
12/5/2024 0:00,1125,13,0,8536,6.596652856,5042,3.7,0.667,29.21,0,4.69,72.74
12/6/2024 0:00,1335,10,0,8574,7.284175843,7934,5.82,5.38,30.49,0,4.01,66.87
12/7/2024 0:00,999.35,6,0,8535,0,5998,4.38,0.8,30.62,0,4.02,65.06
12/8/2024 0:00,234.73,4,0,8435,6.482379205,1569,1.16,8,31.19,0,3.52,56.78
12/9/2024 0:00,442.17,6,0,8468,6.073276226,2687,1.89,3.75,30.38,0,3.64,57.82
12/10/2024 0:00,1317,10,0,8563,6.368907059,6809,5.07,1.73,30.5,0,4.31,69.18
12/11/2024 0:00,458.88,15,0,8441,6.822443552,1848,1.32,0,31.51,0,3.35,55.6
12/12/2024 0:00,1254,20,0,8562,6.928833317,6683,4.94,1.17,30.36,0,4.23,67.72
12/13/2024 0:00,898.05,13,0,8501,6.834797431,4668,3.29,6.09,31.14,0,3.68,61.24
12/14/2024 0:00,3304,33,0,8705,2.803055556,16247,11.73,1.74,30.2,0,4.14,66.1
12/15/2024 0:00,3831,47,0,8750,8.067460731,16017,11.4,0.929,30.46,0,4.14,66.97
12/16/2024 0:00,3562,12,76.64,8903,7.730833333,22416,15.81,2.29,30.84,0,3.99,65.72
12/17/2024 0:00,1287,14,73.75,8572,8.500119134,7790,5.35,1.37,29.9,0,4.03,62.72
12/18/2024 0:00,568.94,10,0,8432,8.124722222,3521,2.38,6.5,30.14,0,4.03,62.34
12/19/2024 0:00,261.06,6,0,8428,0,1284,0.901,0,28.86,0,4.49,64.43
12/20/2024 0:00,1128,9,0,8548,7.181199502,6758,4.82,1.2,29.88,0,4.2,66.21
12/21/2024 0:00,986.65,9,0,8527,5.470291763,5659,4.08,0.714,30.65,0,4.15,66.94
12/22/2024 0:00,3997,19,0,8993,8.500450525,23605,16.65,7.73,31.75,0,3.64,64.52
12/23/2024 0:00,3018,2,0,8909,0,19189,13.51,2.06,31.18,0,3.87,64.89
12/24/2024 0:00,3290,19,0,8899,8.032382115,19358,14.05,2.61,30.67,0,3.92,64.56
12/25/2024 0:00,4098,30,0,8984,8.008139234,23064,16.41,2.77,30.68,0,3.92,65.33
12/26/2024 0:00,1108,4,0,8566,0,6575,4.67,0.654,30.69,0,3.99,65.91
12/27/2024 0:00,1214,17,0,8511,1.589166667,6319,4.63,1.5,30.55,0,3.9,63.11
12/28/2024 0:00,342.49,5,0,8425,6.029418583,1834,1.38,3.57,30.9,0,4.17,67.07
12/29/2024 0:00,251.12,8,61.9,8403,2.929699508,730,0.568,0,29.73,0,4.22,62
12/30/2024 0:00,162.22,6,58.17,8401,6.975434174,530,0.405,0,0,0,0,0
12/31/2024 0:00,368.76,7,53.59,8428,4.967770236,1999,1.46,0,30.83,0,3.8,60.89
1/1/2025 0:00,130.99,4,48.82,8397,6.252514861,491,0.35,0,0,0,0,0
1/2/2025 0:00,115.82,4,50.03,8400,6.532322738,497,0.342,0,0,0,0,0
1/3/2025 0:00,548.03,4,55.19,8462,6.019939349,4104,2.78,1.31,29.92,0,4.23,66.4
1/4/2025 0:00,220.48,5,0,8399,4.096990881,1099,0.809,0,30.42,0,4.2,62.4
1/5/2025 0:00,166.41,5,57.54,8399,6.140592206,720,0.554,0,29.97,0,4.21,66.67
1/6/2025 0:00,354.47,6,64.12,8430,4.500775833,2087,1.41,0.5,30.64,0,3.37,55.29
1/7/2025 0:00,1127,16,0,8510,6.243084989,6145,4.17,1.07,30.22,0,4.07,62.26
1/8/2025 0:00,204,7,0,8400,4.620655084,956,0.698,0,29.57,0,4.22,68.5
1/9/2025 0:00,128.85,4,0,8401,6.64530392,760,0.507,0,31.3,0,3.85,61
1/10/2025 0:00,1113,19,0,8517,5.431274664,5641,4.08,2.27,29.95,0,4.41,68.5
1/11/2025 0:00,505.26,12,0,8439,6.28662433,2719,1.92,6,30.44,0,3.85,59.54
1/12/2025 0:00,133.22,4,0,8402,8.135366552,506,0.387,0,31.2,0,3.07,49
1/13/2025 0:00,129.26,4,0,4641,0,492,0.355,0,31.7,0,3.64,57
